﻿<?xml version="1.0" encoding="utf-8"?>
<ServiceManifest Name="GuestExeBackendServicePkg" Version="1.0.0.20180217.1" xmlns="http://schemas.microsoft.com/2011/01/fabric" xmlns:xsd="http://www.w3.org/2001/XMLSchema" xmlns:xsi="http://www.w3.org/2001/XMLSchema-instance">
  <ServiceTypes>
    <!-- This is the name of your ServiceType. 
         The UseImplicitHost attribute indicates this is a guest executable service. -->
    <StatelessServiceType ServiceTypeName="GuestExeBackendServiceType" UseImplicitHost="true" />
  </ServiceTypes>
  <!-- Code package is your service executable. -->
  <CodePackage Name="Code" Version="1.0.0.20180217.1">
    <!-- The SetupEntryPoint is an optional element used to specify a
         program to be executed before the service's code is launched. -->
    <!--
    <SetupEntryPoint>
      <ExeHost>
        <Program></Program>
      </ExeHost>
    </SetupEntryPoint>
    -->
    <EntryPoint>
      <ExeHost>
        <Program>SimpleWebServer.exe</Program>
        <Arguments>
        </Arguments>
        <WorkingFolder>Work</WorkingFolder>
        <!-- Uncomment to log console output (both stdout and stderr) to one of the
             service's working directories. -->
        <!-- <ConsoleRedirection FileRetentionCount="5" FileMaxSizeInKb="2048"/> -->
      </ExeHost>
    </EntryPoint>
  </CodePackage>
  <Resources>
    <Endpoints>
      <!-- This endpoint is used by the communication listener to obtain the port on which to 
           listen. Please note that if your service is partitioned, this port is shared with 
           replicas of different partitions that are placed in your code. -->
      <Endpoint Name="GuestExeBackendServiceTypeEndpoint" Protocol="http" Port="8080" UriScheme="http" Type="Input" />
    </Endpoints>
  </Resources>
</ServiceManifest>