﻿<?xml version="1.0" encoding="utf-8"?>
<ServiceManifest xmlns:xsd="http://www.w3.org/2001/XMLSchema" xmlns:xsi="http://www.w3.org/2001/XMLSchema-instance" Name="ActorBackendServicePkg" Version="1.0.0.20180217.1" xmlns="http://schemas.microsoft.com/2011/01/fabric" ___CorrelationId___="07501716-d7c6-4b1d-bd39-afdfff2b393f">
  <ServiceTypes>
    <StatefulServiceType ServiceTypeName="MyActorServiceType" HasPersistedState="true">
      <Extensions>
        <Extension Name="__GeneratedServiceType__" GeneratedId="8ee0b536-a5bd-4862-ae99-122d1c45ef10|Persisted">
          <GeneratedNames xmlns="http://schemas.microsoft.com/2015/03/fabact-no-schema">
            <DefaultService Name="MyActorService" />
            <ReplicatorEndpoint Name="MyActorServiceReplicatorEndpoint" />
            <ReplicatorConfigSection Name="MyActorServiceReplicatorConfig" />
            <ReplicatorSecurityConfigSection Name="MyActorServiceReplicatorSecurityConfig" />
            <StoreConfigSection Name="MyActorServiceLocalStoreConfig" />
            <ServiceEndpoint Name="MyActorServiceEndpoint" />
          </GeneratedNames>
        </Extension>
      </Extensions>
    </StatefulServiceType>
  </ServiceTypes>
  <CodePackage Name="Code" Version="1.0.0.20180217.1">
    <EntryPoint>
      <ExeHost>
        <Program>ActorBackendService.exe</Program>
      </ExeHost>
    </EntryPoint>
  </CodePackage>
  <ConfigPackage Name="Config" Version="1.0.0.20180217.1" />
  <Resources>
    <Endpoints>
      <Endpoint Name="MyActorServiceEndpoint" />
      <Endpoint Name="MyActorServiceReplicatorEndpoint" />
    </Endpoints>
  </Resources>
  <!-- The content will be generated during build -->
</ServiceManifest>